drone_id,depot_lat,depot_lon,lat,lon,leg_distance_km,payload_kg,wind_speed_mps,rain_mm,battery_before,battery_after,success
1,12.973477157858872,77.60812182178041,13.011504617463427,77.60797557225567,4.22849027182189,2.853605917283024,6.333368539007329,1.0374335587003882,100.0,79.2938246298094,1
1,12.973477157858872,77.60812182178041,13.034889928169662,77.61469983302571,2.700440070504938,2.855924485719056,4.184478658842361,2.3986911259098287,79.2938246298094,63.82144928906831,1
1,12.973477157858872,77.60812182178041,12.921125344869397,77.53279742720072,15.452520499228466,2.7351648413293823,7.449468131803699,4.647965930979736,63.82144928906831,23.94277823629919,0
1,12.973477157858872,77.60812182178041,12.94140909016561,77.64295045838887,12.149023831513338,1.4076977660689134,9.729473048951395,1.8157692397719805,23.94277823629919,0.0,0
2,12.960711172644709,77.58906144488668,12.921949504904944,77.60382173589416,4.597350148219851,2.3052594845032517,3.0046860210749142,1.227895330121961,100.0,84.12762896644435,1
2,12.960711172644709,77.58906144488668,12.968911457947362,77.59901524019755,5.247844544681288,3.0194912178316495,6.626933357854737,2.1934195392515248,84.12762896644435,61.077081894079825,1
2,12.960711172644709,77.58906144488668,13.035457510248081,77.55981840282091,8.531627574161051,2.450432837936675,6.640609799453677,2.5684461065536226,61.077081894079825,33.89281936025901,1
2,12.960711172644709,77.58906144488668,12.972642873216383,77.58855422679441,7.647119525936891,0.8907069898566821,5.659946491195782,7.826950934329381,33.89281936025901,12.518083700492102,1
2,12.960711172644709,77.58906144488668,12.965583387326843,77.64605978603748,6.280464111244776,2.255043253789232,12.951624519431261,1.2156643246347771,12.518083700492102,0.0,1
3,12.9520169402126,77.6183413584587,12.946487007344516,77.60571631893565,1.4999691342058683,1.7025357306309707,8.338048608797202,2.0681611358759504,100.0,83.3555147325723,1
3,12.9520169402126,77.6183413584587,12.974138759063012,77.58426782912534,3.8543396725809798,3.198130217449901,8.172368851711985,6.565166268296245,83.3555147325723,60.16823131431735,1
3,12.9520169402126,77.6183413584587,13.012353493083703,77.56844543085788,4.582065859148958,1.2594599378885292,10.568395549512447,4.886259515209847,60.16823131431735,36.57909184953578,1
3,12.9520169402126,77.6183413584587,12.990476970870407,77.61691358818233,5.787313432464958,2.6013919950616504,11.623846285685186,1.5351538129160724,36.57909184953578,7.0056061960777996,1
3,12.9520169402126,77.6183413584587,13.014741265029196,77.66443090173293,5.812368166272864,0.8822699574319179,3.860009904860418,4.335420957927493,7.0056061960777996,0.0,1
4,12.960763634961042,77.6064716224003,12.91039794869783,77.5412328917816,9.01948923974021,1.1163235223366526,10.115788588925048,0.4528037550417814,100.0,70.1856450061398,1
4,12.960763634961042,77.6064716224003,13.017656631483286,77.54003141558611,11.927331944944953,2.6360241729786664,11.511961971445327,2.3203887188940167,70.1856450061398,30.86431498539161,0
4,12.960763634961042,77.6064716224003,13.039858003728208,77.63991155107739,11.09830514866938,2.7065540340375103,14.990605834785786,4.8651324005151615,30.86431498539161,0.0,0
5,12.956653320507161,77.60109704783066,12.907377387100476,77.57170913162061,6.337634873692513,1.9086371262232604,7.367815957951008,1.4268185896617096,100.0,76.46434920430914,1
5,12.956653320507161,77.60109704783066,12.962499412240643,77.59890233399392,6.800963597643396,3.391311725214574,4.333018892872657,5.310708528570561,76.46434920430914,53.167259436916105,1
5,12.956653320507161,77.60109704783066,12.932817205652743,77.56295795406788,5.105493313786827,3.2149897098833424,14.812259414387121,0.031101723498625056,53.167259436916105,19.312553476387237,1
5,12.956653320507161,77.60109704783066,12.924974622986692,77.62375305683732,6.6461881527065945,3.1322698872504415,6.032896037732707,4.251915163411498,19.312553476387237,0.0,1
6,12.998776813615072,77.61914184115798,12.913925694671194,77.54856963881133,12.145104123078756,1.8345546998726117,7.277666300958625,5.6058378551617984,100.0,67.43775781208255,1
6,12.998776813615072,77.61914184115798,12.907670773303451,77.65500811571717,11.557155754893802,1.1641983228479211,0.45863657689751425,3.850604831683383,67.43775781208255,46.021684408589856,1
6,12.998776813615072,77.61914184115798,12.921943506396929,77.61490225840909,4.6274220642856445,2.9656093189727764,5.162585845633431,3.025903813133315,46.021684408589856,25.975228868463812,1
6,12.998776813615072,77.61914184115798,12.957705527827294,77.64380688184502,5.062124572744715,2.2383937865302834,12.685418691801814,1.0552756167774735,25.975228868463812,0.0,0
7,12.96296259800391,77.5853275224164,12.974540581235217,77.5929824964458,1.5314938729869105,1.32625663575564,1.2655873439087562,4.645009754788878,100.0,93.25183298462828,1
7,12.96296259800391,77.5853275224164,12.971042454892741,77.56209330785643,3.3695821666043053,2.2491503973935405,3.632087623157699,3.791694837595081,93.25183298462828,78.6404868131693,1
7,12.96296259800391,77.5853275224164,12.970872426876213,77.64394627894725,8.869417585312156,1.8281396027781478,13.507205787226557,5.1572356907908015,78.6404868131693,43.233771947719035,0
7,12.96296259800391,77.5853275224164,12.933063335023695,77.59478473667328,6.786508905985437,0.5183252308193921,12.310325696503723,3.468599319111539,43.233771947719035,15.335283831048713,1
7,12.96296259800391,77.5853275224164,12.9648423369013,77.53463130003271,7.414832393655527,1.4032586561437546,10.046731922217793,2.291116690273105,15.335283831048713,0.0,0
8,12.968759234758336,77.57418250832988,12.917585578871579,77.57828260522156,5.707572294560468,1.61391327997443,7.924937342528842,5.016366991675943,100.0,77.3376392234669,1
8,12.968759234758336,77.57418250832988,13.004098273366756,77.64219311369946,11.853363531875232,1.1774684121867165,9.809583534316326,7.984008145198078,77.3376392234669,43.264862153481864,0
8,12.968759234758336,77.57418250832988,12.932962541334867,77.56675645122492,11.3747487851003,2.160178260935078,10.506248459737781,7.2777197954825965,43.264862153481864,7.086784577792109,0
8,12.968759234758336,77.57418250832988,13.031276927300611,77.5695759454465,10.936328753022478,0.5091440031667823,9.028060183848858,1.425849208309347,7.086784577792109,0.0,0
9,12.98865133946168,77.59271518400386,12.906182724404811,77.59349258766227,9.170478575650652,1.9709736215723224,3.3042457993399443,1.137450392182414,100.0,77.08976749667238,1
9,12.98865133946168,77.59271518400386,12.948272634038705,77.64949999596006,7.664710064073547,3.199436516725962,10.213846267477571,0.5697199387340213,77.08976749667238,45.14935821298194,1
9,12.98865133946168,77.59271518400386,12.992825498879855,77.61576578786851,6.156649937668571,2.6243444488722396,1.8512320147518102,5.8741014318948155,45.14935821298194,27.64342779579039,1
9,12.98865133946168,77.59271518400386,12.925342916516962,77.6370417137971,7.849920170352603,2.9908227645090584,7.291833233399612,3.0930314348718237,27.64342779579039,0.0,0
10,12.986579324445556,77.60959662231735,12.9787215313547,77.58957051314371,2.3391910750577565,0.8262481246990935,0.5863974880870687,4.136299162881018,100.0,93.84248129599621,1
10,12.986579324445556,77.60959662231735,12.974556342082067,77.5462467314741,4.717148802491989,2.3963389958078247,13.228915155509892,7.708128564476798,93.84248129599621,64.30477551823051,0
10,12.986579324445556,77.60959662231735,12.925329726159486,77.59885093594892,7.903050693039874,3.335897224249844,12.33817543432569,3.4600839030980586,64.30477551823051,28.948471896243632,1
10,12.986579324445556,77.60959662231735,12.915343724540465,77.59343216077933,1.25613526587373,2.1138570838802977,0.026386854026659856,3.308254514398574,28.948471896243632,22.67663839285041,1
10,12.986579324445556,77.60959662231735,12.912324771205931,77.57691752828747,1.8211044141316912,2.9508891537984177,3.3679264663391235,2.6065318464548977,22.67663839285041,9.482788616402008,1
10,12.986579324445556,77.60959662231735,12.974028200974795,77.58639231498194,6.937512924159105,0.5660975795867815,3.680171488673874,0.9383340893420744,9.482788616402008,0.0,1
11,12.957503102191843,77.58081869007393,13.020075831166492,77.58090523095284,6.957776326572527,2.7712305913292794,14.223042795143762,5.919284723628542,100.0,64.8351410611385,0
11,12.957503102191843,77.58081869007393,12.923881660569343,77.6534895360265,13.276658385182685,0.5292064149778397,9.95574605145167,3.946011092848865,64.8351410611385,29.59160494800335,0
11,12.957503102191843,77.58081869007393,12.946070750369323,77.54078261530928,12.461130896334339,1.9119103740215806,9.931555046758724,7.804515051174896,29.59160494800335,0.0,0
12,12.990220576293119,77.57638518055587,12.915896239047715,77.62349648006568,9.71417683122392,2.578602297341918,5.77313781735058,6.703960959676677,100.0,71.79503331280213,1
12,12.990220576293119,77.57638518055587,12.92999791473608,77.63156472646837,1.7953695725101346,1.3987407338852975,10.592025262766287,4.51373589973342,71.79503331280213,52.35532768741915,1
12,12.990220576293119,77.57638518055587,12.914525545991347,77.58741863271503,5.0844282181101965,0.6474256424547277,6.432374469946293,1.8791629100957001,52.35532768741915,34.5633044426032,1
12,12.990220576293119,77.57638518055587,13.013900039129274,77.58406728868202,11.055905343176477,0.5075307807153524,8.87694387840768,0.11303573209792983,34.5633044426032,4.318767290160146,0
12,12.990220576293119,77.57638518055587,13.032206949623479,77.56983401717518,2.5537138550477816,1.8235983531929811,8.596115455636768,3.504603256478422,4.318767290160146,0.0,1
13,12.947047440528516,77.60298422473787,12.952446550727176,77.59741126052758,0.8515572699896193,1.7628230930181807,0.15705313781326224,5.895121306202541,100.0,94.907693102823,1
13,12.947047440528516,77.60298422473787,13.012378870130922,77.52505561630942,10.289588154754078,2.08438663310778,13.4089539813116,1.4001051099721176,94.907693102823,56.84393861329583,0
13,12.947047440528516,77.60298422473787,12.90323571589138,77.5414415541125,12.26537334892184,2.9556640021649594,6.8258998565982445,5.4438588886476,56.84393861329583,22.43434343711325,0
13,12.947047440528516,77.60298422473787,12.905613943216578,77.58311809166462,4.5249115174387,2.681511941432321,9.447645948693442,5.181047216666955,22.43434343711325,0.0,1
14,12.961569613553085,77.59452483369009,12.950625715931212,77.56300780348386,3.625636898758341,1.2131252090662996,2.695855249100616,4.471820754637597,100.0,88.26811872002325,1
14,12.961569613553085,77.59452483369009,12.925795311541421,77.66360019161,11.245599559068102,2.0062700240619638,13.739091920281842,3.6612049264570805,88.26811872002325,48.40179988102396,0
14,12.961569613553085,77.59452483369009,12.964355175222634,77.60252352622138,7.88623646749863,2.235965364816868,7.7280236531354785,0.5871774218792298,48.40179988102396,21.265460054316293,1
14,12.961569613553085,77.59452483369009,12.935826607636972,77.58452567884036,3.7238410607439287,1.7994596165847292,10.7159660277098,2.1640389583251247,21.265460054316293,0.0,1
15,12.96758528944674,77.56660646002453,13.013305090669874,77.54462012680057,5.614268018731336,2.2555978687944362,1.480850778491054,6.558169040661352,100.0,84.58086942040262,1
15,12.96758528944674,77.56660646002453,12.934901078272667,77.56614781564316,9.024802944172228,1.234885891895385,2.6869789081700195,0.9189439266275805,84.58086942040262,64.17834034531526,1
15,12.96758528944674,77.56660646002453,12.966815051856372,77.61832458426548,6.675564323674942,1.7049568208686048,10.850955756091453,5.890048440104776,64.17834034531526,35.98128130277925,1
15,12.96758528944674,77.56660646002453,12.92455980110251,77.55991024434822,7.883467065230071,0.929378063123102,12.599443494311975,7.120827138666061,35.98128130277925,5.129701329559364,0
15,12.96758528944674,77.56660646002453,13.006721207602016,77.53881805109096,9.417482815050931,2.477802395496791,8.7084719703817,2.941505839773958,5.129701329559364,0.0,0
16,12.997685088685003,77.61665317952026,12.959332929332247,77.60111017604089,4.5850724055148655,1.5222505381449385,8.375169401279521,1.5317572757746643,100.0,78.73166285322296,1
16,12.997685088685003,77.61665317952026,12.909685628727967,77.54608048965235,8.126664418204706,1.9763805468790245,11.062274268360252,0.8011675632429691,78.73166285322296,47.39528214146905,0
16,12.997685088685003,77.61665317952026,12.911931287456108,77.57538171262043,3.1855801560597508,1.804081809543823,3.6932963070106806,4.268526622897506,47.39528214146905,33.88890507357192,1
16,12.997685088685003,77.61665317952026,12.976045188494016,77.60196311087729,7.68911958328872,3.0250242562841407,5.724652648568183,3.2832994437326333,33.88890507357192,8.094216784603049,1
16,12.997685088685003,77.61665317952026,12.973100979823148,77.57628071205833,2.8020353244529344,1.1107987573093923,5.114042068599271,2.4431273191417446,8.094216784603049,0.0,1
17,12.94186855449403,77.58443383879903,12.99934771932882,77.6302894512857,8.09561609694773,2.264912964526614,12.19938017129102,7.364590343366402,100.0,66.65799409315207,1
17,12.94186855449403,77.58443383879903,12.940151547746655,77.52798070545522,12.892868148087997,2.8685891148655607,4.605660178961592,6.714549715153571,66.65799409315207,34.304868593830086,0
17,12.94186855449403,77.58443383879903,12.95447495427488,77.62272310866054,10.389841029371066,2.0603988507201225,4.424496859582588,6.635387719907175,34.304868593830086,7.80847932793877,1
17,12.94186855449403,77.58443383879903,12.97125668582185,77.52919496025554,10.30517999104401,3.161899836639822,12.205954004233794,4.877913419462616,7.80847932793877,0.0,0
18,12.963412187824865,77.5793255149767,13.015299604880934,77.55404608187307,6.386760086059302,3.318558598358058,2.4808697908613953,7.092929069250196,100.0,79.91893593746919,1
18,12.963412187824865,77.5793255149767,12.93442365732136,77.63868633682081,12.844697999773848,1.229623888930865,7.163330575354502,6.783890492500954,79.91893593746919,47.59584161200844,0
18,12.963412187824865,77.5793255149767,12.978372765435065,77.52757988538056,12.99392665161848,1.3520514183397974,4.431070749745777,5.505475275435041,47.59584161200844,18.341064158069766,0
18,12.963412187824865,77.5793255149767,12.934574481993527,77.57195822156349,6.844336082352837,1.2779447303221914,8.143984330447351,5.807246551546884,18.341064158069766,0.0,1
19,12.953577512644642,77.59669693489053,12.911492074161357,77.58713710733012,4.793000359743043,2.9993557429929663,3.881685555825004,1.9871317349385986,100.0,81.2862967158527,1
19,12.953577512644642,77.59669693489053,12.902296165222717,77.53840705400688,5.3797043387059755,2.7573436817839134,2.042208216287187,2.4517006538985493,81.2862967158527,64.50921172918197,1
19,12.953577512644642,77.59669693489053,13.007469888403918,77.62389218571536,14.919170529418645,2.875585590351907,1.4275523727158435,2.6023030940272687,64.50921172918197,33.031549616877726,0
19,12.953577512644642,77.59669693489053,12.968464132258054,77.6544521746115,5.456702321778474,0.5975216464160562,11.086060995890572,6.469173677503579,33.031549616877726,8.693903314542311,1
19,12.953577512644642,77.59669693489053,12.923189970913906,77.64738325628687,5.092207266584692,2.781293604331286,4.273587460915824,3.707872560339869,8.693903314542311,0.0,1
20,12.982716700519399,77.60329685788636,12.919531931793374,77.5875555629714,7.229942533054115,3.150596702482657,13.083814934975662,4.461553806466198,100.0,65.12193912667973,1
20,12.982716700519399,77.60329685788636,13.013778340422087,77.65637629940967,12.862237051219342,2.200414240020168,8.529519000812755,6.342786920471049,65.12193912667973,29.053156663631867,0
20,12.982716700519399,77.60329685788636,12.966322632870975,77.61856576057612,6.680442614273506,2.6351822206626676,2.440429657947463,1.504175581880716,29.053156663631867,9.92152548413722,1
20,12.982716700519399,77.60329685788636,13.010925180373459,77.57492330686334,6.852562674823605,1.4403161536126228,7.08610691936649,3.3822429094942805,9.92152548413722,0.0,1
21,12.957831081197497,77.60646583043481,12.94334373808778,77.56408649953438,4.866839780304779,0.9757356411187076,9.551363286452501,0.5864644184552859,100.0,77.84481279688669,1
21,12.957831081197497,77.60646583043481,12.921299963941427,77.60873847693723,5.424517470682714,2.549830216189491,12.188182442684669,6.913340502225046,77.84481279688669,48.221287235925296,1
21,12.957831081197497,77.60646583043481,13.008256239775553,77.63540588353125,10.091666711890815,0.6278770639115914,1.4298986451231943,6.0992242033487765,48.221287235925296,28.959998130416654,1
21,12.957831081197497,77.60646583043481,12.9741606895,77.60087734264522,5.326314664800993,1.4414762447057035,8.296256736851914,3.858977975265745,28.959998130416654,6.769808419416169,1
21,12.957831081197497,77.60646583043481,13.033774949247656,77.58821075020506,6.769368477054722,3.0759407470975226,12.65050490259355,2.6525654366621936,6.769808419416169,0.0,0
22,12.98255332146335,77.59740763367036,12.96315488812068,77.65471662175099,6.573778213700564,2.351451527388701,7.707401946493321,0.8748401281455287,100.0,74.75942927286037,1
22,12.98255332146335,77.59740763367036,12.915158612207085,77.58299352023033,9.428597351251279,2.955399183321709,9.825938314253483,4.043964038072664,74.75942927286037,40.98915533568538,0
22,12.98255332146335,77.59740763367036,12.924264576682978,77.6466815624764,6.976376846617273,1.699244929209332,12.03284332519826,1.168428380641389,40.98915533568538,10.78576619992134,0
22,12.98255332146335,77.59740763367036,13.002341894726708,77.58557181055957,10.918947735073223,0.7991440105109913,3.177167634306043,2.918559937133642,10.78576619992134,0.0,0
23,12.952756531992293,77.61984950426572,12.963673920353951,77.56967689302078,5.5707453315293884,0.6030383756095018,5.793165223818973,4.999872029050939,100.0,82.34961592736931,1
23,12.952756531992293,77.61984950426572,13.028981103500008,77.57284449785105,7.269932837870684,1.1212386793210807,11.632381073951105,6.96485870013694,82.34961592736931,53.35315063199762,1
23,12.952756531992293,77.61984950426572,12.999444344819318,77.5332316392708,5.4041452858733745,1.954580141411027,5.416242183047636,2.473918108362332,53.35315063199762,33.75624305381624,1
23,12.952756531992293,77.61984950426572,12.90309219792935,77.63059736957467,15.037084845394324,3.0248211660042745,4.96644496357936,5.089806495753339,33.75624305381624,0.0,0
24,12.945756230202715,77.57169706679709,12.973103887714343,77.54337600395102,4.320374086616794,1.4683002871954693,0.5594279969675853,4.2830040602801915,100.0,89.42354449096433,1
24,12.945756230202715,77.57169706679709,13.02572745746016,77.52992043027429,6.030345542487104,2.721709667598088,8.540891835114094,6.037489836246161,89.42354449096433,63.22841290214046,1
24,12.945756230202715,77.57169706679709,13.014044435987444,77.55546670663144,3.0573180812260174,2.1445997809986608,8.55507467225682,2.1190923248582765,63.22841290214046,42.92590733624765,1
24,12.945756230202715,77.57169706679709,12.946536604084883,77.63227760947535,11.207851349482343,1.499383763223234,5.121551733704208,4.953965628749723,42.92590733624765,15.336560396813962,1
24,12.945756230202715,77.57169706679709,12.944674877633739,77.6147176544474,1.9141766362907302,2.957701524684592,12.921379090099169,6.438295290744451,15.336560396813962,0.0,0
25,12.95500581400298,77.5820472623284,12.927300767737234,77.65981443645458,8.973083798304007,0.5274466669338712,7.682008830436437,2.7434543940751333,100.0,74.60156110927848,0
25,12.95500581400298,77.5820472623284,12.958477938402956,77.5681404383798,10.522194835380146,3.134233511605209,13.165158179307289,0.10992156983546852,74.60156110927848,34.38287671636035,0
25,12.95500581400298,77.5820472623284,13.031338369184876,77.61445634287087,9.529954671930296,1.737881307248148,3.0014211409951894,2.321008985659363,34.38287671636035,11.757339143481833,1
25,12.95500581400298,77.5820472623284,12.942335700421982,77.5358868489497,13.05434115588069,0.7895392645186858,1.2900952593715305,6.480520804122512,11.757339143481833,0.0,1
26,12.945695721677792,77.60693415012489,13.01230087448075,77.6144987958413,7.451374167019268,0.8993134223030164,13.008075995715316,1.9005678433807756,100.0,69.36867569373322,1
26,12.945695721677792,77.60693415012489,12.908902988108267,77.55018248546078,13.444763811104266,1.3541254076336309,0.6982330052260333,2.623045073622399,69.36867569373322,44.241099873905284,1
26,12.945695721677792,77.60693415012489,13.040259021646133,77.53090625718194,14.754711974440314,0.716674332585808,4.138226361333608,4.391652863090783,44.241099873905284,13.820517779895475,1
26,12.945695721677792,77.60693415012489,13.018278646104122,77.62157104609585,10.121448323275757,1.1255239517406794,6.687227384642543,3.856471295056391,13.820517779895475,0.0,0
27,12.977797193595915,77.57933495693791,13.02713495283838,77.62599246829309,7.459959663611864,0.8323986597563127,8.427251927744058,1.747499878288595,100.0,75.44383971264111,1
27,12.977797193595915,77.57933495693791,12.973394044198468,77.61983559270139,6.012833230993919,0.9965373558054589,5.376765197841819,2.7215600108278224,75.44383971264111,56.84043707424556,1
27,12.977797193595915,77.57933495693791,13.001846966626546,77.52533079309121,10.717269098540925,2.1973120802797332,11.841359397542043,5.671194368506741,56.84043707424556,19.904415139215956,0
27,12.977797193595915,77.57933495693791,13.031491558012911,77.5954653639203,8.28243463486638,1.9484937608857245,8.144172205489577,0.5054229739248681,19.904415139215956,0.0,1
28,12.963200738906766,77.61363384631812,12.91103070953311,77.5442477802191,9.497130360987084,1.5427050333321177,10.229352981739556,6.122401508943713,100.0,68.42102247949501,1
28,12.963200738906766,77.61363384631812,12.952263203401754,77.61943676730964,9.349882315503288,1.4534479705500827,8.458994244577921,7.978356451856017,68.42102247949501,39.557622315638284,1
28,12.963200738906766,77.61363384631812,13.034868167971661,77.60735044361826,9.278131938438138,1.6668302105236932,11.580093953093256,0.712209994231717,39.557622315638284,6.324828654068639,0
28,12.963200738906766,77.61363384631812,13.008280615404072,77.6259943998256,3.5804907593868385,2.105818075196245,11.42534471800316,2.254814439132291,6.324828654068639,0.0,1
29,12.944993803091371,77.6203115780694,12.965821443276274,77.58271686371818,4.686195654002858,0.6464151094116807,6.325637814652844,4.496622860615929,100.0,82.98592757572337,1
29,12.944993803091371,77.6203115780694,12.961459849332787,77.5777424302138,0.7251000198530004,0.857511430032536,12.979048392598246,7.151135780621657,82.98592757572337,63.23798177351577,1
29,12.944993803091371,77.6203115780694,13.009450449090354,77.6417570491364,8.75130218588639,2.4021117418698013,10.670409956887072,2.743740615475158,63.23798177351577,30.560141848404747,0
29,12.944993803091371,77.6203115780694,13.033449204354062,77.58356463534925,6.845834921779819,2.547815514931237,4.641978580974207,6.610193854252206,30.560141848404747,8.476602788428092,1
29,12.944993803091371,77.6203115780694,12.986787424984252,77.60888049660561,5.868873840227483,2.762643329858078,6.628197265934803,6.023599796032551,8.476602788428092,0.0,1
30,12.987617232156115,77.60717955930537,12.931756033237468,77.56630464157345,7.628978088987626,0.6245262827353247,1.7158126114052212,0.7185886364612104,100.0,84.31402609732235,1
30,12.987617232156115,77.60717955930537,12.96043682514555,77.6349521568822,8.09400024724966,2.4134179638591604,3.87191205968886,1.0607511764073765,84.31402609732235,61.50330409640905,1
30,12.987617232156115,77.60717955930537,12.922955030384953,77.56785890031743,8.380737442364033,1.857085276514491,3.472338025196406,5.254825949984081,61.50330409640905,39.86591420284229,1
30,12.987617232156115,77.60717955930537,13.010657369471021,77.63030610694791,11.86976970656834,1.4581699031907756,3.3192566453136036,2.234940487693372,39.86591420284229,13.64290922704371,1
30,12.987617232156115,77.60717955930537,12.95549478373474,77.64254038167694,6.275408187393342,1.5780995503462094,14.193526058294642,2.216921451228054,13.64290922704371,0.0,1
31,12.94666881377812,77.59177685311587,12.965691671075454,77.52544837520288,7.492411659119695,1.6662043287713386,6.558305491752222,0.05619094148409243,100.0,76.15393554858792,1
31,12.94666881377812,77.59177685311587,12.908531660005766,77.5330303599402,6.408795551195043,2.0143179056713985,2.031943387008037,0.3307095093341328,76.15393554858792,59.22970045222261,1
31,12.94666881377812,77.59177685311587,13.034280633594982,77.59580780752553,15.549506291359668,2.0950451289229663,9.231324203459902,0.681956229728562,59.22970045222261,18.159678663703332,0
31,12.94666881377812,77.59177685311587,12.964276445689784,77.56516446153975,8.462576145636318,3.0406131822457385,9.33271313725296,7.149205607619341,18.159678663703332,0.0,0
32,12.962671538111321,77.61528501209162,12.998628433637137,77.63967355144403,4.792602560362056,0.8388110227162651,6.077675542227627,6.191462245894925,100.0,82.75323565309226,1
32,12.962671538111321,77.61528501209162,13.027212586113466,77.63844520353774,3.181197478989581,2.6057174805274332,0.0287715964005697,0.37180589393697705,82.75323565309226,72.41448165033333,1
32,12.962671538111321,77.61528501209162,12.98587353788962,77.5729845957459,8.451512961711597,1.3502177450486135,4.4803621389986095,1.235110481827471,72.41448165033333,50.367154640799356,1
32,12.962671538111321,77.61528501209162,12.94298386417452,77.59260756235832,5.221669653397031,1.398506832973605,3.374228044985913,1.810525960442039,50.367154640799356,34.828973070935206,1
32,12.962671538111321,77.61528501209162,13.013263195131039,77.58886264095237,7.825233020198287,2.454219379075477,7.674096818690385,4.030236175368655,34.828973070935206,7.423835616169491,1
32,12.962671538111321,77.61528501209162,13.008220525052144,77.6180894259485,3.215702558285776,0.9171966159129931,12.663281491439108,6.198289165731079,7.423835616169491,0.0,1
33,12.962213016608432,77.5750848898794,13.012712635949594,77.57177443768971,5.626745811283467,2.126097925938274,8.521082098894762,6.173106539734269,100.0,75.66760412150671,1
33,12.962213016608432,77.5750848898794,12.963474907063981,77.54840747254508,6.032044162275458,2.3431874799360246,7.7476779057137035,2.4152544571084213,75.66760412150671,51.25797722456612,1
33,12.962213016608432,77.5750848898794,13.008710079252229,77.54682578089621,5.032840376180638,2.532987242444859,3.3065060102388104,4.865192067240304,51.25797722456612,33.84100032447692,1
33,12.962213016608432,77.5750848898794,12.959001797018491,77.66140855951788,13.59008037895502,0.9717806776109825,14.357353963847013,2.3026876940401655,33.84100032447692,0.0,0
34,12.96220393843037,77.56879231903409,12.995210815029047,77.64359948364302,8.897884883585746,3.0418501785422762,7.792312526717768,6.260187422771213,100.0,69.54967754444516,0
34,12.96220393843037,77.56879231903409,12.906861002908048,77.59279843694794,11.261365626965445,1.5124102468591696,4.784623110633215,7.1753029717269055,69.54967754444516,42.28666200375893,1
34,12.96220393843037,77.56879231903409,13.038159651090766,77.65882059875608,16.258280179248345,0.6192883792667885,1.0776000921612856,4.154392124875416,42.28666200375893,13.633956838618328,1
34,12.96220393843037,77.56879231903409,12.917812459448687,77.57708494519505,16.04725062628034,0.6656923995087833,0.4103007448095475,5.006657454887222,13.633956838618328,0.0,1
35,12.987203758205329,77.5749110236367,13.013971034965413,77.63280864244285,6.943211248158442,2.33706816622678,14.090579069394673,2.624317073444428,100.0,65.89897288027986,0
35,12.987203758205329,77.5749110236367,12.92420405221429,77.55387953368407,13.144603904426267,2.1892838871653,0.979806590883841,1.9696795882273115,65.89897288027986,39.21529029071823,1
35,12.987203758205329,77.5749110236367,12.977421408727178,77.63904507067333,10.963249094118272,1.150262722563003,14.018197230154108,6.56611925081195,39.21529029071823,1.1499098958026508,0
35,12.987203758205329,77.5749110236367,12.963062637757817,77.53391867266697,11.502633000504755,1.5601445365602729,6.052003446994549,2.3547714371133033,1.1499098958026508,0.0,1
36,12.953548684587616,77.57779298136771,12.941297588740106,77.561688469452,2.2139371634639717,2.022280379144143,7.329131244966912,2.1599790883863115,100.0,82.88526916171237,1
36,12.953548684587616,77.57779298136771,12.968277212681045,77.64725513788439,9.745641104899015,2.670580137258849,6.521940545388295,6.689409457721733,82.88526916171237,53.47256041035146,1
36,12.953548684587616,77.57779298136771,12.925566226309783,77.6181003516226,5.704160793048229,2.245607635530301,8.114876392725504,4.92790050243834,53.47256041035146,29.305348559870538,1
36,12.953548684587616,77.57779298136771,12.93452809297257,77.57641598382213,4.626166216123014,1.6477335098339956,2.2249303891775636,2.9771144484810597,29.305348559870538,15.715606088474892,1
36,12.953548684587616,77.57779298136771,12.928803263292188,77.57234918425998,0.7742572597137785,2.44353884902035,13.395597883847643,3.572207728410973,15.715606088474892,0.0,1
37,12.970319283156494,77.61075447445867,13.019402701306499,77.6471830329054,6.735440936361838,2.33979503766232,12.374814260479381,2.4015706261203826,100.0,68.45644588787323,0
37,12.970319283156494,77.61075447445867,13.019869631290224,77.64114967430812,0.6556913833317682,2.8514612613168064,12.852913640315121,6.823252308592361,68.45644588787323,44.99562941949913,1
37,12.970319283156494,77.61075447445867,12.95595467277409,77.56360893669898,11.00435987432117,2.513336055837219,8.384228166448622,3.878409199768999,44.99562941949913,11.462484892527613,0
37,12.970319283156494,77.61075447445867,13.018502242869891,77.57663298506472,7.096691017669556,1.770700904346846,3.898426990340899,6.242258009694311,11.462484892527613,0.0,1
38,12.978245177740133,77.57894587648484,13.003414691642776,77.58811416838377,2.9697880075908922,1.2617418415381372,3.8844810431766508,3.2856631333544994,100.0,87.67503014864866,1
38,12.978245177740133,77.57894587648484,12.909969635651057,77.5893689530144,10.391505792855552,2.895111841008916,0.18947075903671007,0.33637696965140407,87.67503014864866,65.01208521131421,1
38,12.978245177740133,77.57894587648484,13.023839003761896,77.63258286498836,13.499837432764155,1.4062327349727493,2.9271885348845483,4.136066048860021,65.01208521131421,36.79453475359615,0
38,12.978245177740133,77.57894587648484,12.949232957927423,77.59666409776824,9.163343593934322,2.441779932489748,10.198247261725335,5.627555896217782,36.79453475359615,3.9919036980788007,0
38,12.978245177740133,77.57894587648484,12.951259515063143,77.59080980491211,0.6732428033945258,1.0204634457754618,12.178125027239853,2.0737203398620876,3.9919036980788007,0.0,1
39,12.953398591083648,77.56860550822766,13.023198023000722,77.62083263217788,9.605239269297332,1.280658396629896,10.63086800808985,2.9695573924759433,100.0,68.25017196534768,0
39,12.953398591083648,77.56860550822766,13.000728131544868,77.63838694295734,3.1400079490665784,1.8546527020268941,7.665358771470302,2.1788632066611218,68.25017196534768,49.55188743987597,1
39,12.953398591083648,77.56860550822766,12.968906998219337,77.56070352423627,9.130602659947376,1.0179324934313492,5.218679804068044,1.0686674027567982,49.55188743987597,26.122774451809015,1
39,12.953398591083648,77.56860550822766,13.013922918193904,77.52877043853367,6.084934415885255,2.0632364184108525,4.6519156386817615,0.35121472326180125,26.122774451809015,6.212916219284612,1
39,12.953398591083648,77.56860550822766,13.033385343154624,77.55198012915307,3.3174850108647087,3.1672714647293034,7.950784707786966,7.406357164856799,6.212916219284612,0.0,1
40,12.964289165451877,77.57300580227579,12.992206248069632,77.59755570020232,4.088077987329273,1.1766264333852727,10.36274451350264,6.0619310254900745,100.0,77.63425448594919,1
40,12.964289165451877,77.57300580227579,13.030092697065854,77.56197152665912,5.710520586818755,1.2608007132667396,2.6613836924214085,6.999609601325822,77.63425448594919,62.516021320357865,1
40,12.964289165451877,77.57300580227579,12.959927411044392,77.62407010763958,10.30244300035304,2.970042465305777,8.03179168890718,0.06389972064256355,62.516021320357865,29.650698393602113,0
40,12.964289165451877,77.57300580227579,13.01944573891103,77.63595718236381,6.742296560254062,2.2176052913737703,13.109904322322464,6.569946315906429,29.650698393602113,0.0,0
41,12.95728708472893,77.61042534477305,13.027378294707484,77.57983364649066,8.469322435245665,3.27835717150289,7.161272088213457,2.8370941299420576,100.0,70.58271604592366,1
41,12.95728708472893,77.61042534477305,12.96060622360697,77.64674196727644,10.376877421128423,0.7706926495832382,0.2400218511006924,5.32127921206812,70.58271604592366,52.12629846652081,1
41,12.95728708472893,77.61042534477305,12.985780688347628,77.60909624939566,4.947274055622533,1.7334612815577595,11.515338375224117,2.768023534246434,52.12629846652081,25.773797526617884,1
41,12.95728708472893,77.61042534477305,12.962860495361522,77.61001784299776,2.5505648076282297,0.7742768707832359,9.558076746452482,4.474542873710546,25.773797526617884,7.718840322458018,1
41,12.95728708472893,77.61042534477305,12.950452043569744,77.64405149719455,3.9376663952343107,1.462180013302532,8.587876233251086,0.07550860554538641,7.718840322458018,0.0,1
42,12.98755916331034,77.57587409823398,13.015805330603436,77.60950494704282,4.8105548099273685,3.069502823178173,0.09168850197026457,3.2795205873393787,100.0,86.04491160519852,1
42,12.98755916331034,77.57587409823398,12.97636556699462,77.55946525110072,6.973289620153244,2.951709069651761,10.425927877042243,0.7767336600435666,86.04491160519852,55.43052383349489,0
42,12.98755916331034,77.57587409823398,12.93511991506155,77.57125943747137,4.7610580400822,0.5386942241202756,13.438178404180098,1.6602079123335338,55.43052383349489,29.265810595688688,1
42,12.98755916331034,77.57587409823398,13.032384587414812,77.53544651633352,11.490390675174423,2.1558743192652674,7.987783086327589,3.616766626817383,29.265810595688688,0.0,0
43,12.982906373926985,77.58520853405108,12.955087217305564,77.62172120357783,5.022188431818639,1.193827289287567,8.86822712601279,4.302186727772887,100.0,78.04814866669841,1
43,12.982906373926985,77.58520853405108,12.917707984499275,77.62686517581862,4.193598929815623,3.3238522326093984,12.320264713796112,2.2741175042462194,78.04814866669841,48.67434178583967,1
43,12.982906373926985,77.58520853405108,12.974425242545118,77.63879244882375,6.437760862237244,1.748259469067251,2.8544075915789486,6.098090842162193,48.67434178583967,31.166675599072946,1
43,12.982906373926985,77.58520853405108,12.953959695147864,77.5975634467928,5.013791230167253,0.8355886511679685,10.973817902931875,1.2336275194837292,31.166675599072946,7.207469054657963,1
43,12.982906373926985,77.58520853405108,12.975737377949823,77.61473134383279,3.0536499015551337,1.5962318580221035,4.453039493821494,1.0840215320859592,7.207469054657963,0.0,1
44,12.978436598376001,77.59261333836346,12.968974593717018,77.60835572394666,2.0041678034163573,0.9086403291016472,2.0735431037937655,2.7726089474951054,100.0,92.28044482139865,1
44,12.978436598376001,77.59261333836346,12.985193720093068,77.62016350501354,2.2112221104562226,0.5216569918858506,9.768104697120279,5.696117672680534,92.28044482139865,75.00063935464063,1
44,12.978436598376001,77.59261333836346,12.917802966247997,77.63638099907243,7.696833200883823,2.6577575764933576,8.50720981636697,4.491667573282707,75.00063935464063,46.31081831896273,1
44,12.978436598376001,77.59261333836346,12.90516298223292,77.61765277574507,2.4689368614570335,1.8025172352912693,13.341824212530643,4.951747121210121,46.31081831896273,21.411113393759102,1
44,12.978436598376001,77.59261333836346,13.003160736977774,77.64629565675615,11.330291707227264,3.0069971684244865,11.6482875072533,7.412235178741194,21.411113393759102,0.0,0
45,12.94605295278779,77.59498861009921,12.967979088998085,77.52471010750675,7.996387037671148,1.151321815527073,3.4800981312890347,4.948458886606246,100.0,80.37900953799627,1
45,12.94605295278779,77.59498861009921,13.008259353841447,77.59132700203642,8.494700701800406,2.37682078842297,1.711910517827283,1.2363093749544332,80.37900953799627,59.80836316509421,1
45,12.94605295278779,77.59498861009921,12.960399871043126,77.65088690580589,8.364659302470185,1.4059383264612242,6.6102671496939465,1.300785459912726,59.80836316509421,35.01968433361733,1
45,12.94605295278779,77.59498861009921,12.968481314823288,77.59995317315074,5.591881337551051,1.337459718235655,6.549820099405118,4.257387248998132,35.01968433361733,14.882988627837683,1
45,12.94605295278779,77.59498861009921,12.99587961067259,77.568689405836,4.555956708682437,0.5670256036297653,7.799685500694009,3.913599353916604,14.882988627837683,0.0,1
46,12.942532882568035,77.58259617179785,13.006926314554006,77.58032235381272,7.164460668128713,1.6425126997477175,3.9861716677784766,0.4476227818420222,100.0,80.0698143633866,1
46,12.942532882568035,77.58259617179785,12.911998076567757,77.62991084850587,11.844591130498582,2.221012515560937,12.388343421625773,0.37307394121275905,80.0698143633866,40.57159707535349,0
46,12.942532882568035,77.58259617179785,12.922725955064358,77.5487724630017,8.874395640280511,2.9540277875408925,14.45581853751586,6.7156487649716885,40.57159707535349,1.671944377052263,0
46,12.942532882568035,77.58259617179785,12.95102045114363,77.56093587363273,3.411187282360229,3.1415624960805015,12.526214645030146,7.548335136090192,1.671944377052263,0.0,0
47,12.970329184673234,77.58123747758431,13.040337971512246,77.5829450229362,7.786819851537538,2.6303213731011796,12.272285852692267,1.8678347464155278,100.0,66.32647388283763,0
47,12.970329184673234,77.58123747758431,13.033303616562533,77.62539621048488,4.6647369394156115,1.974746278789438,5.819155771999766,6.841277850846385,66.32647388283763,47.348499718594084,1
47,12.970329184673234,77.58123747758431,12.935733895309662,77.55031291075503,13.560650468898501,1.1929914940225048,3.152783403461421,5.5560015031261,47.348499718594084,19.166857555811625,0
47,12.970329184673234,77.58123747758431,13.032070924114624,77.55198807494683,10.713726472378296,1.3269665543677376,1.3222498420352946,4.468703676766349,19.166857555811625,0.0,1
48,12.976968080359292,77.60650468157239,12.995902325497592,77.5942440167613,2.4894711349062746,0.5871887002101792,2.9845924895668663,6.906077206345014,100.0,90.96249854729268,1
48,12.976968080359292,77.60650468157239,13.031078336037623,77.62869295003921,5.406299290343439,1.2389743048785555,6.576044256710084,5.030125368494145,90.96249854729268,71.28561353926295,1
48,12.976968080359292,77.60650468157239,12.924525574758436,77.64597863670741,11.995256289655646,0.9753679702165574,9.021237638018272,1.8431207367570481,71.28561353926295,38.41485860595705,0
48,12.976968080359292,77.60650468157239,12.911519398828858,77.53008224577017,12.643912419924048,3.3628890949919183,3.128170838736464,0.574027269209993,38.41485860595705,7.392198453737329,1
48,12.976968080359292,77.60650468157239,13.031569004098179,77.63913027068934,17.827365222948313,1.022186306400232,6.314614728975079,1.857187298414125,7.392198453737329,0.0,0
49,12.983418142262147,77.61893382496802,12.924373036101404,77.61812371021809,6.566103134094199,0.5208277328671678,0.3141655965879325,5.0396290215420505,100.0,88.04416424415064,1
49,12.983418142262147,77.61893382496802,13.029439393068902,77.54260760372267,14.263346465439408,2.8735606061266967,13.836626945826827,6.2936102561786065,88.04416424415064,41.48807365761931,0
49,12.983418142262147,77.61893382496802,12.95185881022434,77.56858214299886,9.074031323449127,3.2079452073163655,14.883199765039318,5.749018394286236,41.48807365761931,1.205573430916857,0
49,12.983418142262147,77.61893382496802,13.021589939594598,77.66335908743571,12.867641240115807,1.5906800246186696,0.9483205748142515,3.8904649375090417,1.205573430916857,0.0,1
50,12.975363979129693,77.57826255624873,13.002482741004451,77.64416344182747,7.75097772698603,1.0749278703712422,11.872006226092275,2.278985355100592,100.0,70.0149718021599,1
50,12.975363979129693,77.57826255624873,12.979139684698033,77.57740105335381,7.685234383941653,1.8516180597822014,1.0833837339359342,5.961591856688175,70.0149718021599,52.60696181417214,1
50,12.975363979129693,77.57826255624873,12.922880541266993,77.52548949135804,8.413087896765623,1.8058922442178549,8.185523212871,2.826902129852207,52.60696181417214,24.89305651417913,1
50,12.975363979129693,77.57826255624873,12.954339769765523,77.55419172296568,4.681028519208741,0.5457148112421883,12.678578275882101,4.472522562225987,24.89305651417913,0.0,1
51,12.976538537155335,77.57822619771999,13.009650180850262,77.5962612188634,4.168254037536422,1.813681118048608,4.021375605300524,5.0994065803370265,100.0,84.47564301695382,1
51,12.976538537155335,77.57822619771999,12.920649382687142,77.60298004524577,9.923181511940719,3.188725555726417,0.4855949784727914,1.73772075745054,84.47564301695382,61.58982801438121,1
51,12.976538537155335,77.57822619771999,12.958972252400097,77.54676103689847,7.434889632499076,2.89627779815875,1.7852707416091151,7.072746461585071,61.58982801438121,41.580597041973334,1
51,12.976538537155335,77.57822619771999,12.94831024835173,77.53708955956688,1.5823926935260746,1.7326303945934658,14.129408155947898,6.471757753025736,41.580597041973334,17.215277340412413,1
51,12.976538537155335,77.57822619771999,13.00732083707952,77.59431891216362,9.02822602834755,2.6191082752824633,7.878597714983245,5.092772235194572,17.215277340412413,0.0,1
52,12.948468425810582,77.57441653019178,13.028815567820201,77.55971408909083,9.075103831824038,1.5941966899323188,2.320681731214518,0.5178969111027021,100.0,79.27455423863802,1
52,12.948468425810582,77.57441653019178,12.977267054849044,77.55827361628143,5.734057368743458,0.8426217958862541,1.981159364779233,0.5309371018721611,79.27455423863802,65.83931168266298,1
52,12.948468425810582,77.57441653019178,12.967418085458332,77.65444115348481,10.477823136874642,0.9184447935274604,10.52927804643994,4.6896775619245155,65.83931168266298,33.549843616236714,0
52,12.948468425810582,77.57441653019178,12.94055454202941,77.61937291466974,4.833633290245801,1.388290959783949,2.085224768837684,0.4713501829988678,33.549843616236714,20.328656232786546,1
52,12.948468425810582,77.57441653019178,13.012315399202299,77.55186179770924,10.825130873397615,1.9377847069218812,11.670748293099363,5.880171615522621,20.328656232786546,0.0,0
53,12.96157203521809,77.59898375762809,12.905927280534506,77.64101360718378,7.683198933529477,2.7611104180099084,12.778957102878667,4.210040981113289,100.0,65.57201663659075,0
53,12.96157203521809,77.59898375762809,12.971085159425071,77.55133777015077,12.12184971469584,1.6470209771515525,5.970950922850964,0.36013861800797464,65.57201663659075,35.120778939068046,1
53,12.96157203521809,77.59898375762809,13.011228616914883,77.53683251082208,4.7323428878669604,1.9262221530084538,7.651090779891864,2.1703097565398153,35.120778939068046,13.750167998604578,1
53,12.96157203521809,77.59898375762809,12.943159885915229,77.62314102956475,12.031096082988668,1.926914212511958,1.806211411941106,3.7299995935007484,13.750167998604578,0.0,1
54,12.971219902143279,77.6122084303608,12.975067163603242,77.62678125820665,1.6359865446366118,2.9293957363749947,8.57003750436211,0.4067803351933774,100.0,80.3825813001607,1
54,12.971219902143279,77.6122084303608,12.911795809294544,77.66442343714633,8.132530198883702,0.7323392860905075,2.1152831478704686,7.959255383569982,80.3825813001607,63.15598631753414,1
54,12.971219902143279,77.6122084303608,13.029529779277686,77.54612789739834,18.32191600718669,3.496928917629443,7.6863211731345755,0.2572765143539524,63.15598631753414,16.854845345701605,0
54,12.971219902143279,77.6122084303608,12.94899088180038,77.54191165432958,8.967160836973141,0.7301214973766491,3.0070511303660696,2.751986817886845,16.854845345701605,0.0,1
55,12.94250595465819,77.57587816108915,12.934555642707561,77.56807767441589,1.2231671233620178,3.056278247264141,10.719953555794621,5.734636234695239,100.0,77.99443648555948,1
55,12.94250595465819,77.57587816108915,12.920875833695943,77.60588381667641,4.37054474624073,1.5427519436748345,7.81072194989123,5.1075431743194875,77.99443648555948,57.76212246936604,1
55,12.94250595465819,77.57587816108915,12.927032129554165,77.62890541909623,2.5872419179091364,2.5338193675788196,13.797376522550518,3.2735831711882,57.76212246936604,30.61830718623811,1
55,12.94250595465819,77.57587816108915,12.98862741926807,77.6022778634242,7.432077843720962,2.7242897027502853,6.489553483972907,2.09786227833526,30.61830718623811,4.841983701619217,1
55,12.94250595465819,77.57587816108915,13.03506840632006,77.65425892550894,7.640815094893192,0.8519376706610854,6.572780091331502,3.288993715660083,4.841983701619217,0.0,1
56,12.981556288152259,77.61909338269801,12.905076693456563,77.65766945327952,9.476119126486624,2.5474918188497386,1.7875901146279427,7.7019674147194905,100.0,77.41935861090559,1
56,12.981556288152259,77.61909338269801,12.981867858870169,77.63242281722367,8.966405297898982,0.5771756447031365,4.298691282573955,7.959247555435605,77.41935861090559,56.3304601775148,1
56,12.981556288152259,77.61909338269801,12.951582286721097,77.6350253676185,3.379389487977306,2.70203446959717,3.9017895279215074,2.3013524415239193,56.3304601775148,40.447041671258816,1
56,12.981556288152259,77.61909338269801,13.03717703803708,77.56115868716607,12.435390063767441,3.493005498831067,0.22891461185016226,5.359856734897263,40.447041671258816,13.266817576163564,1
56,12.981556288152259,77.61909338269801,12.98711956248109,77.54662023882544,5.784703680309509,0.9815368240968724,12.565827476871936,1.1993542530652856,13.266817576163564,0.0,1
57,12.950269430361796,77.57873507977874,13.015573475269761,77.60989059418922,8.00780468990602,1.1299922971909222,9.239010167660615,5.851489535682589,100.0,72.91681468380972,1
57,12.950269430361796,77.57873507977874,12.975249592670593,77.55126717897258,7.774850164454006,2.9555600971675475,5.612669161074668,3.1872521086357697,72.91681468380972,47.269464316951144,1
57,12.950269430361796,77.57873507977874,12.928375134981389,77.59553433640954,7.083698494221456,2.8333115328031657,2.223311640687884,4.462560341363655,47.269464316951144,27.378618527696233,1
57,12.950269430361796,77.57873507977874,12.970750708249792,77.52781559595749,8.720991001768349,1.2139069042900874,5.409247938812023,2.318260399852523,27.378618527696233,3.965196795831069,1
57,12.950269430361796,77.57873507977874,12.975196697575331,77.56990714533478,4.587620393473602,0.9878178586574021,5.33505471153224,7.086151753347341,3.965196795831069,0.0,1
58,13.000587839258962,77.57418600056631,13.010278325990646,77.63300960702512,6.463554643535683,0.8268829290672546,8.033620173169327,5.042478305928395,100.0,77.56084048708827,1
58,13.000587839258962,77.57418600056631,12.953290743552927,77.62516181936341,6.393528792391238,2.8709043325455634,14.831414794044191,2.7558416878667913,77.56084048708827,42.30854652191371,0
58,13.000587839258962,77.57418600056631,12.980115183220724,77.55136603433755,8.534657497472466,2.9973631527477824,4.357238856228126,2.199546827558864,42.30854652191371,16.993957707365638,1
58,13.000587839258962,77.57418600056631,13.038988620577241,77.64743318874764,12.295612183778143,3.0813104478307314,3.715152467250314,0.29603756438669393,16.993957707365638,0.0,1
59,12.970407701072629,77.57837735459607,13.001085857101982,77.55067605650589,4.543730021969426,3.367688669202165,8.340183441954304,0.8922789526578656,100.0,75.15241615190399,1
59,12.970407701072629,77.57837735459607,12.943516282093436,77.59260707422618,7.849974057926175,2.7067896823724027,14.038110846279487,1.4849325837348744,75.15241615190399,38.929334194313974,0
59,12.970407701072629,77.57837735459607,12.903868822378058,77.64526796638238,7.211721391222165,3.4254885781755338,12.871505824972672,2.2586788129245274,38.929334194313974,3.8066452395429664,0
59,12.970407701072629,77.57837735459607,13.00879452761319,77.53289651512625,16.864269131552582,1.1642149133600266,1.5162446700994385,3.48025541585446,3.8066452395429664,0.0,1
60,12.972973063317585,77.59763708050558,12.920185794026533,77.62706742240752,6.680182318858007,0.7311817096429949,5.951901183223459,5.683213388515997,100.0,80.1118733323507,1
60,12.972973063317585,77.59763708050558,12.93641456315359,77.60308931902941,3.163769877392556,1.8974567489850376,5.504368854647088,3.6507046958248095,80.1118733323507,64.09924851951132,1
60,12.972973063317585,77.59763708050558,12.991028108931381,77.59212625430537,6.187854868463956,3.0151230468902623,1.1881009537988196,4.45655971040763,64.09924851951132,46.62390339625,1
60,12.972973063317585,77.59763708050558,13.02606845605461,77.52469225155463,8.279926803851668,1.0382396280319066,1.5415899237494735,4.886603966219154,46.62390339625,29.295474353149203,1
60,12.972973063317585,77.59763708050558,12.969196830782757,77.55509665811175,7.130402351795928,0.8248785229572216,8.58078925721058,5.953969752281844,29.295474353149203,5.082047509987522,1
60,12.972973063317585,77.59763708050558,12.9124250907353,77.57543689292095,6.686511457217134,2.133967614743036,4.206619460387627,1.3822590520367921,5.082047509987522,0.0,1
61,12.988713838911474,77.61683271263152,12.989982174585808,77.5438079565032,7.913464030399107,1.8294500022948448,10.846449438795359,6.836907086100746,100.0,69.57917327633777,1
61,12.988713838911474,77.61683271263152,13.036721846488378,77.64175975820818,11.816342227580533,3.079408546820682,0.7018363489908952,5.608353848586767,69.57917327633777,43.601821364879385,1
61,12.988713838911474,77.61683271263152,12.926155532707032,77.63060067756172,12.353726882093428,1.4755691612389603,3.064889952335691,0.17428826701930333,43.601821364879385,16.90036309301558,1
61,12.988713838911474,77.61683271263152,12.998336311417654,77.65548744635964,8.467078319672378,1.5165230781963688,10.021909825305013,2.892735493817489,16.90036309301558,0.0,0
62,12.985829439812456,77.56747245018163,12.969852770312691,77.5910263761596,3.1096063936189484,1.703707396020604,2.1869359258422376,2.553780185176586,100.0,88.77419827457356,1
62,12.985829439812456,77.56747245018163,12.965642301535809,77.60626945131226,1.7167970491387976,1.9351623863906433,12.604755438542433,1.8049952013078903,88.77419827457356,65.77081615306504,1
62,12.985829439812456,77.56747245018163,12.978564962634518,77.54642601452613,6.641767459486143,0.5033488281861727,14.919424398734808,1.2307351722426105,65.77081615306504,34.74203884315962,0
62,12.985829439812456,77.56747245018163,12.912489074704675,77.52706643844353,7.6409658074047595,0.9176844772533489,6.950195928047039,0.1264428302296947,34.74203884315962,11.645869890344152,1
62,12.985829439812456,77.56747245018163,12.911255069317928,77.5580333476116,3.359101162554241,1.169415287221296,0.8811875724893503,5.523660053781338,11.645869890344152,2.7869336115786183,1
62,12.985829439812456,77.56747245018163,12.931618517646733,77.56351898659771,2.3410626714583387,1.7462632101923226,3.517198933151271,1.9275165636624365,2.7869336115786183,0.0,1
63,12.983924022403288,77.57817325647748,12.90750345503063,77.663317391993,12.543745563546189,2.3865591765071827,7.314236058107568,6.205148174358512,100.0,65.6483818697719,0
63,12.983924022403288,77.57817325647748,12.947260080851107,77.64969000899107,4.66091214301149,0.8320880575107029,11.458345721598834,4.0401487041760635,65.6483818697719,41.63089688785362,1
63,12.983924022403288,77.57817325647748,13.006619271419888,77.57154360006629,10.736171215157102,1.175095349150721,7.7882671900611165,7.005498291402108,41.63089688785362,11.978084898221365,0
63,12.983924022403288,77.57817325647748,12.974362857110426,77.60132639942674,4.82471990776187,1.3012413702330263,5.374653687615146,3.045015162955143,11.978084898221365,0.0,1
64,12.964133870222037,77.57731616770742,12.92729853149034,77.60396314407672,5.011508119415654,3.2915773830765778,0.15468789458293053,3.2981150517017808,100.0,85.19733797982398,1
64,12.964133870222037,77.57731616770742,12.953175592685868,77.60496645235862,2.879451495587259,3.0274726872419264,3.287984649656033,6.750290604928765,85.19733797982398,70.26089016784768,1
64,12.964133870222037,77.57731616770742,12.98385931600746,77.56754789648271,5.299140459471944,1.6244483229835338,3.3538895755282323,7.987209269623214,70.26089016784768,54.1733123385388,1
64,12.964133870222037,77.57731616770742,13.037158664588166,77.53633709405034,6.8233860841252065,3.005044543530577,9.349017131579478,3.353313348795152,54.1733123385388,25.092083245823993,1
64,12.964133870222037,77.57731616770742,12.916687644337305,77.59243828490553,14.710504371962665,3.487816078278782,7.549690858324757,4.394244302417895,25.092083245823993,0.0,0
65,12.956720306410837,77.60566864332242,12.931812943350662,77.62549237565959,3.5050897766328064,3.004091525432868,2.4474935939614206,4.851882261135442,100.0,85.20193163437193,1
65,12.956720306410837,77.60566864332242,13.01709906726068,77.5494670595804,12.561691118493275,3.278039931236258,11.98779843625165,0.9433582830204994,85.20193163437193,42.96300801518303,0
65,12.956720306410837,77.60566864332242,12.916504194843458,77.58368134465142,11.784042344193187,2.3885622537578812,2.9849092080544724,4.340523567781376,42.96300801518303,15.45103378648735,1
65,12.956720306410837,77.60566864332242,12.91066726654934,77.56944862723527,1.6735587682485225,1.479684734002924,3.108234247533411,6.754044285500247,15.45103378648735,5.773265767490432,1
65,12.956720306410837,77.60566864332242,12.923165055958064,77.66188586913435,10.11438084692694,2.675894885062138,11.932137530481409,7.08465916887349,5.773265767490432,0.0,0
66,12.943352928012098,77.61796240103541,12.956721194130832,77.65655698083356,4.43867704975512,3.00101098443834,6.402895390164486,6.411565563119212,100.0,78.5723307443013,1
66,12.943352928012098,77.61796240103541,12.90366633897629,77.60594593931059,8.055334724426123,1.009933331734739,9.377561634444962,4.460394784760916,78.5723307443013,51.47309839697157,1
66,12.943352928012098,77.61796240103541,12.945628209936867,77.55462517487189,7.2599767355883955,1.865272424242163,14.738065294949756,4.096201821418811,51.47309839697157,16.967105888111128,0
66,12.943352928012098,77.61796240103541,12.916715741551377,77.55633287841229,3.220242397092777,2.738839163483854,10.440419970009714,0.35065346040980305,16.967105888111128,0.0,1
67,12.978087010013576,77.61014854624551,12.928799678570128,77.5946422254387,5.732317114276248,1.14248253019063,11.279036431656323,0.008942462420190367,100.0,73.88058019562352,1
67,12.978087010013576,77.61014854624551,12.906922080389199,77.59818953180779,2.4628705162286595,1.3508967302815669,13.325270198680856,5.164244616223836,73.88058019562352,49.91534265080942,1
67,12.978087010013576,77.61014854624551,12.984697203228002,77.58227688022058,8.81844729314732,1.7382887863229532,0.35030301683042886,5.995279677067029,49.91534265080942,31.873855487248242,1
67,12.978087010013576,77.61014854624551,13.040513160646366,77.63875821166855,8.715741219917986,0.8016008683237713,14.592473820802482,0.2970567824337129,31.873855487248242,0.0,0
68,12.961378662690922,77.61936912309358,13.016313996315235,77.52961539492351,11.484161752276938,3.2918186159121046,4.520645180751313,0.1345436853515789,100.0,69.16486522955599,0
68,12.961378662690922,77.61936912309358,12.961843774958698,77.57455293276621,7.7712200844312616,1.4410701775765524,11.312906381895893,4.625762542627048,69.16486522955599,39.1419944428482,1
68,12.961378662690922,77.61936912309358,12.933244313046831,77.6182188762122,5.701299244609736,1.9123150419179389,0.6259548920253705,5.429180052431224,39.1419944428482,25.381544208003767,1
68,12.961378662690922,77.61936912309358,13.030555180074128,77.61810178006638,10.82048215939344,2.9060777466326897,2.5744981053947766,3.952671597655029,25.381544208003767,0.0,0
69,12.97307941387926,77.62101856244283,12.90778143969786,77.61840205100636,7.266338107980637,2.764715521624537,14.443927304505651,5.755593963038044,100.0,64.06732248812456,0
69,12.97307941387926,77.62101856244283,12.99171970469782,77.65174656256536,10.00856387479092,0.9136895086448108,6.109435205287436,7.608916914961347,64.06732248812456,38.283975504295796,1
69,12.97307941387926,77.62101856244283,12.959147938496946,77.54307089121542,12.320025237705034,2.1231329111293156,12.554983866467708,2.425934316872775,38.283975504295796,0.0,0
70,12.997246846958197,77.57708013199534,12.901735922036229,77.6447489626625,12.906018192628004,2.860590035134721,3.4865590728089586,1.050751488633665,100.0,69.09666402687411,0
70,12.997246846958197,77.57708013199534,12.966735456006983,77.54043613356413,13.41775270896969,0.669268208021748,13.440363288086086,2.5224530382921415,69.09666402687411,28.817251001967193,0
70,12.997246846958197,77.57708013199534,12.911889718138955,77.52902808697992,6.222618636920876,3.2731849584921013,3.8000206293973897,6.042573667530085,28.817251001967193,7.374664447692979,1
70,12.997246846958197,77.57708013199534,12.934881505492294,77.63708715142681,11.987065991145146,3.048606195304159,13.63834405907117,2.901454385066427,7.374664447692979,0.0,0
71,12.957069174595134,77.62097499432116,12.941733810779997,77.62869413086916,1.8993392074005275,2.355421269607475,2.113665627657586,4.308501290017583,100.0,89.50244941298934,1
71,12.957069174595134,77.62097499432116,12.974985603332913,77.61850374767074,3.8588065574058636,1.7090899289087456,0.20733642654019502,1.1733343060641923,89.50244941298934,79.64064170882021,1
71,12.957069174595134,77.62097499432116,12.918568353594786,77.61358111764808,6.295952558926858,0.939980147453276,8.787314981602133,1.0933584654320558,79.64064170882021,56.263647843547915,1
71,12.957069174595134,77.62097499432116,12.949817340527966,77.60503593389514,3.5960188080535347,1.7632871012452611,12.275334790302537,0.13794218712334771,56.263647843547915,31.025508320778435,1
71,12.957069174595134,77.62097499432116,13.019400366087268,77.58977039579035,7.912102447727042,0.8033263464920669,14.641666171726952,7.444218979967814,31.025508320778435,0.0,0
72,12.95967513527441,77.56902515819021,12.935418710164498,77.56854162217587,2.6977003616911555,3.2838042121597297,9.162343075615354,2.848870201338606,100.0,77.20502499867473,1
72,12.95967513527441,77.56902515819021,12.931852007921245,77.56249676252878,0.7658025612628042,2.519738450692823,9.233597167087373,7.712435345711871,77.20502499867473,58.93658768205501,1
72,12.95967513527441,77.56902515819021,12.914467067295478,77.62851473922126,7.411471734850788,1.4762587141162,8.975523284799785,6.569542708061642,58.93658768205501,32.457535207821635,1
72,12.95967513527441,77.56902515819021,13.006045596050091,77.54922259813767,13.323743833842999,2.3215345431014414,5.279702539004862,7.841798352596541,32.457535207821635,0.0,0
73,13.000629578702899,77.60886462421846,12.906093107433726,77.58418451401755,10.846862139733071,1.9642413448257865,9.155062305257001,0.058132226818131016,100.0,66.81495688994141,0
73,13.000629578702899,77.60886462421846,12.974605411822623,77.60769551299336,8.033002662822591,1.744350826178739,6.906321418825564,6.429349016618563,66.81495688994141,41.49523313259456,1
73,13.000629578702899,77.60886462421846,12.973750845717909,77.56058897309255,5.10517336102204,2.4639333400370984,9.019981891379597,4.644655945498958,41.49523313259456,16.673112616091622,1
73,13.000629578702899,77.60886462421846,13.018300491290328,77.64173274377444,10.091205443246526,1.8307567304978791,3.9453791061939207,6.461753869199006,16.673112616091622,0.0,1
74,12.993704741208296,77.60034390597912,13.032244380898419,77.5647266592954,5.766689075783597,2.5060780633567505,5.692973794088871,2.14503112797232,100.0,78.36027541971721,1
74,12.993704741208296,77.60034390597912,12.94269802567688,77.65408913859766,13.888628223658417,1.8408075891376432,12.821966276157573,1.2549033626851216,78.36027541971721,35.788298924583614,0
74,12.993704741208296,77.60034390597912,12.953656464727866,77.6419718548294,1.7913916756112238,1.2666896109270802,13.769334985804951,3.966217308765983,35.788298924583614,12.488557540205058,1
74,12.993704741208296,77.60034390597912,12.998814430288775,77.654051482966,5.18912533211103,3.345745970913046,11.38919263859645,6.8611374395870754,12.488557540205058,0.0,1
75,12.972180591718436,77.57774778366142,12.983616609704724,77.63970053122209,6.832249600875056,2.513868153213586,0.3245649862836669,1.6521746740376022,100.0,83.61872985000397,1
75,12.972180591718436,77.57774778366142,12.932657167720674,77.58341526664312,8.32522354964743,2.165658995458453,13.970599958457456,5.64240127601626,83.61872985000397,47.80527423365649,0
75,12.972180591718436,77.57774778366142,12.905610717974088,77.52808308067182,6.708769975164187,2.0314802765262607,5.295894118922206,0.5901448496699526,47.80527423365649,26.1236193657424,1
75,12.972180591718436,77.57774778366142,12.905433764339401,77.64587442288148,12.766959998277715,2.6574145037223644,11.946908329990164,7.5224166419110405,26.1236193657424,0.0,0
76,12.971370258626717,77.6109074475907,12.970748587690395,77.63190445035774,2.276235316372514,2.246701812571799,7.18283687921933,3.8167065068712462,100.0,82.52693192567526,1
76,12.971370258626717,77.6109074475907,13.034717109786783,77.52861442862755,13.260059791604828,0.7423973505842335,13.351159620203182,3.1536617175120263,82.52693192567526,42.46953405167493,0
76,12.971370258626717,77.6109074475907,13.008376684821542,77.63844194293591,12.253425193564624,0.8991866181888195,0.8020006554272274,0.19892648524861833,42.46953405167493,20.023079653538492,1
76,12.971370258626717,77.6109074475907,12.947745047918195,77.56951351306591,10.061573543533195,2.084367666444603,5.600188039302966,3.5054230357074543,20.023079653538492,0.0,0
77,12.99400959159977,77.6175900151324,13.036426810257414,77.6137671082798,4.7347288219048815,2.447764779315052,2.1651167537988587,7.928321112239857,100.0,84.71425254638356,1
77,12.99400959159977,77.6175900151324,12.96257042518399,77.59489385495698,8.463199088591837,3.0516667120484935,5.712481547770749,5.635336704086794,84.71425254638356,57.64357456843766,1
77,12.99400959159977,77.6175900151324,13.033060269582773,77.57897239487511,8.025691903821734,1.786871631896454,10.417171630631003,2.6047120035799916,57.64357456843766,27.68640113870967,1
77,12.99400959159977,77.6175900151324,13.02610558898358,77.60349620804567,2.7669784810370737,3.319021087196009,3.4747009241791282,2.972723694786609,27.68640113870967,12.104082193225468,1
77,12.99400959159977,77.6175900151324,12.935752175394253,77.55134272650494,11.527048549181528,3.438441482435974,10.555882985563796,0.3433015144016176,12.104082193225468,0.0,0
78,12.971708389023112,77.57379957189481,12.954323138822282,77.57556014744172,1.9425425137973575,1.98451068416786,0.6100215668076125,4.954329575020669,100.0,92.12988257273861,1
78,12.971708389023112,77.57379957189481,12.948393675202894,77.59298859591095,2.000431977858523,2.956910434463654,9.613684932403029,0.19470032286447214,92.12988257273861,70.51758012711372,1
78,12.971708389023112,77.57379957189481,13.008278884119756,77.60318329869689,6.749933351979182,1.2004967211106745,7.035118604496199,2.5355525427823533,70.51758012711372,48.17103913588062,1
78,12.971708389023112,77.57379957189481,12.974391345596736,77.5780200829368,4.651024021652792,1.3354901169833089,3.207324898524386,3.7120269072015084,48.17103913588062,33.888898099187834,1
78,12.971708389023112,77.57379957189481,12.926484161892198,77.63574546011347,8.21636334824633,2.522647250205756,4.617653905170359,2.4978495729928234,33.888898099187834,9.694472164860727,1
78,12.971708389023112,77.57379957189481,13.011481211121886,77.52550320788463,15.23237988004471,2.5804135290705643,0.19260849069892505,3.0533365652478217,9.694472164860727,0.0,1
79,12.988861415184765,77.59930998151059,12.932461719777715,77.59982802301435,6.27161123074825,2.0989447621949413,1.3888422081008334,7.56143044808807,100.0,83.96203763588183,1
79,12.988861415184765,77.59930998151059,12.908745554931768,77.58911712213018,2.881309273732237,1.2424158512977372,0.039516856877118145,4.462837227669284,83.96203763588183,76.81573918137452,1
79,12.988861415184765,77.59930998151059,13.035094549479838,77.57680077602929,14.11261075213525,2.449110782885468,9.739531715890699,1.2009521436096726,76.81573918137452,36.675949181529276,0
79,12.988861415184765,77.59930998151059,12.963966038731424,77.52829507371081,9.495953944965764,2.158103828240263,7.850227921254546,5.532708641465852,36.675949181529276,6.960918915472618,0
79,12.988861415184765,77.59930998151059,13.039112417118712,77.58046123826621,10.08786708108207,2.9358285235793056,9.966599328520182,6.2668482525950004,6.960918915472618,0.0,0
80,12.995679185909081,77.5737216438162,13.040606075638891,77.56764229168459,5.038870943621668,0.6432134075588237,1.5500358823061706,1.998406855026337,100.0,88.63633302808967,1
80,12.995679185909081,77.5737216438162,13.022085900840015,77.56722767751734,2.059839239599005,1.6344086873121775,12.680451320699348,4.771011593328358,88.63633302808967,65.58718615319775,1
80,12.995679185909081,77.5737216438162,12.969108507681927,77.62798456296768,8.833757447178213,3.0636455386990074,13.638897553945826,7.771424508566748,65.58718615319775,27.595316340185022,0
80,12.995679185909081,77.5737216438162,13.036936206326537,77.54254205321563,11.940609212711417,2.540092090317258,8.557887713142454,5.795030739830004,27.595316340185022,0.0,0
